{"minMcX":0,"maxMcX":1859,"minMcZ":0,"maxMcZ":1615,"minGeoLat":22.191274,"maxGeoLat":22.205806,"minGeoLon":-100.92855,"maxGeoLon":-100.910492}