{"minMcX":0,"maxMcX":1859,"minMcZ":0,"maxMcZ":1615,"minGeoLat":22.205806,"maxGeoLat":22.220338,"minGeoLon":-100.964668,"maxGeoLon":-100.946609}