{"minMcX":0,"maxMcX":1859,"minMcZ":0,"maxMcZ":1615,"minGeoLat":22.176741,"maxGeoLat":22.191274,"minGeoLon":-100.982727,"maxGeoLon":-100.964668}