{"minMcX":0,"maxMcX":1860,"minMcZ":0,"maxMcZ":1615,"minGeoLat":22.133145,"maxGeoLat":22.147677,"minGeoLon":-100.910492,"maxGeoLon":-100.892433}