{"minMcX":0,"maxMcX":1860,"minMcZ":0,"maxMcZ":1615,"minGeoLat":22.089548,"maxGeoLat":22.10408,"minGeoLon":-100.92855,"maxGeoLon":-100.910492}