{"minMcX":0,"maxMcX":1860,"minMcZ":0,"maxMcZ":1615,"minGeoLat":22.075016,"maxGeoLat":22.089548,"minGeoLon":-100.910492,"maxGeoLon":-100.892433}