{"minMcX":0,"maxMcX":1860,"minMcZ":0,"maxMcZ":1615,"minGeoLat":22.10408,"maxGeoLat":22.118613,"minGeoLon":-101.054962,"maxGeoLon":-101.036903}