{"minMcX":0,"maxMcX":1859,"minMcZ":0,"maxMcZ":1615,"minGeoLat":22.162209,"maxGeoLat":22.176741,"minGeoLon":-100.892433,"maxGeoLon":-100.874374}