{"minMcX":0,"maxMcX":1860,"minMcZ":0,"maxMcZ":1615,"minGeoLat":22.118613,"maxGeoLat":22.133145,"minGeoLon":-100.946609,"maxGeoLon":-100.92855}