{"minMcX":0,"maxMcX":1859,"minMcZ":0,"maxMcZ":1615,"minGeoLat":22.147677,"maxGeoLat":22.162209,"minGeoLon":-100.910492,"maxGeoLon":-100.892433}