{"minMcX":0,"maxMcX":1858,"minMcZ":0,"maxMcZ":1615,"minGeoLat":22.205806,"maxGeoLat":22.220338,"minGeoLon":-100.92855,"maxGeoLon":-100.910492}